Phase,Task,Description,Status,Files,Notes
1,Setup Route & Controller,Buat route dan controller untuk dashboard analisis donatur,COMPLETED,routes/web.php + app/Http/Controllers/AnalisisDonaturController.php,Route: /analisis-donatur + /export + /chart-data
2,Create Blade Layout,Buat layout blade dengan UI modern hijau-putih + liquid icons,COMPLETED,resources/views/analisis-donatur/index.blade.php,Tailwind CSS + Alpine.js + Chart.js + Full Dashboard
3,Create Stats Cards,Buat komponen stat cards (Total Donatur - Donatur Baru - Donatur Hilang - Tidak Aktif),COMPLETED,index.blade.php,6 Cards dengan animasi dan icon liquid
4,Create Charts Section,Buat chart: Trend Donasi Bulanan - Pie Tim - Bar Top Donatur - Donatur Baru vs Hilang,COMPLETED,index.blade.php + Chart.js,4 chart utama (Line-Doughnut-Bar-Gauge)
5,Create Filter Section,Buat filter UI: Tahun - Status - Range Tanggal dengan design modern,COMPLETED,index.blade.php,5 filter: Tahun + Status + DateRange + Search + Reset
6,Create Data Table,Buat tabel donatur dengan pagination dan search,COMPLETED,index.blade.php,Tabel responsive dengan pagination + WhatsApp
7,Add Export Feature,Tambah tombol export Excel,COMPLETED,Controller + index.blade.php,Export button di header
8,Mobile Responsive,Pastikan semua komponen mobile-friendly,COMPLETED,index.blade.php,Grid responsive sm/md/lg/xl
9,Add Animations,Tambah animasi smooth untuk interaksi,COMPLETED,index.blade.php,Blob float + liquid morph + fadeInUp + hover effects
10,Testing & Polish,Testing semua fitur dan polish UI,COMPLETED,-,Loading overlay + form submit loading + x-cloak

DESIGN SPECS:
---
COLOR PALETTE:
- Primary Green: #10B981 (Emerald 500)
- Light Green: #D1FAE5 (Emerald 100)
- Dark Green: #065F46 (Emerald 800)
- White: #FFFFFF
- Light Gray: #F3F4F6
- Text Dark: #1F2937
---
ICONS: Heroicons + Custom Liquid/Blob shapes
---
FONTS: Inter (Google Fonts)
---
TECH STACK:
- Tailwind CSS (styling)
- Alpine.js (interactivity)
- Chart.js (charts)
- Laravel Blade (templating)
---
CHARTS TO CREATE:
1. Line Chart: Trend Donasi Bulanan (12 bulan)
2. Doughnut Chart: Distribusi per Tim
3. Bar Chart: Top 10 Donatur
4. Area Chart: Donatur Baru vs Hilang per Bulan
5. Gauge/Progress: Retention Rate
---
STATS CARDS:
1. Total Donatur Unik (9854)
2. Donatur Aktif Bulan Ini
3. Donatur Baru 2025 (926)
4. Donatur Hilang (5786)
5. Total Perolehan (Rp 13.1M)
6. Avg Donasi per Donatur
---
FILTERS:
1. Dropdown Tahun (2024/2025/All)
2. Dropdown Status (Top/Baru/Hilang/Tidak Aktif)
3. Date Range Picker
4. Search by Name/Phone
---
MOBILE BREAKPOINTS:
- sm: 640px
- md: 768px
- lg: 1024px
- xl: 1280px
